Endpoint,BP,HR,Lower CI,CI Width,Upper CI,SE,Statistic,P-value,FDR,Global ZPH P-value,Global ZPH ChiSq,BP ZPH P-value
DSS,Amino Acid Synthesis & Transport,1.081989871,0.226781012,4.93547694,5.162257952,0.79724539,0.098842615,0.921263232,0.938979833,0.386128926,0.751097665,0.386128926
DSS,AMPK Signaling,0.675507346,0.20598839,2.009234391,2.215222781,0.605952065,-0.647396501,0.51737536,0.732629055,0.823739052,0.04961243,0.823739052
DSS,Androgen Signaling,0.291105189,0.045643641,1.810961757,1.856605398,0.945333886,-1.305433585,0.191745248,0.693778006,0.604400248,0.268410162,0.604400248
DSS,Angiotensin System,0.916685666,0.582910635,0.858669877,1.441580512,0.230989316,-0.376600321,0.706470649,0.860757343,0.583777743,0.300167004,0.583777743
DSS,Apoptosis,0.111411448,0.011007693,1.116613749,1.127621442,1.180958275,-1.858258024,0.063132382,0.693778006,0.559216121,0.341063277,0.559216121
DSS,Arginine Metabolism,0.746155773,0.391468459,1.030736639,1.422205098,0.329102701,-0.889755349,0.373597267,0.721512632,0.995391585,3.34E-05,0.995391585
DSS,Autophagy,0.126198508,0.013583229,1.158896678,1.172479907,1.13727612,-1.820049779,0.068751425,0.693778006,0.140033664,2.177589198,0.140033664
DSS,B cells,0.822273038,0.505083457,0.833572441,1.338655898,0.248651929,-0.786974695,0.43129668,0.721512632,0.989623297,0.000169147,0.989623297
DSS,BCR Signaling,0.236132491,0.041344821,1.3072776,1.348622421,0.889019333,-1.623544256,0.104473111,0.693778006,0.378198245,0.776550354,0.378198245
DSS,Cancer Antigens,0.805090307,0.466798993,0.921743852,1.388542845,0.278094758,-0.779593355,0.435630268,0.721512632,0.766927942,0.087850385,0.766927942
DSS,Cell Adhesion & Motility,0.537339735,0.135884175,1.988969521,2.124853695,0.701455584,-0.885479773,0.375897924,0.721512632,0.905909464,0.013971158,0.905909464
DSS,Cell Cycle,0.878574104,0.229921776,3.127274176,3.357195953,0.683972318,-0.189269388,0.849881687,0.930512771,0.15658275,2.006921748,0.15658275
DSS,Chemokine Signaling,0.51820232,0.177804234,1.332472762,1.510276996,0.545766462,-1.204525342,0.228386593,0.693778006,0.752511732,0.099432492,0.752511732
DSS,Cilium Assembly,0.805729492,0.280669334,2.032372866,2.3130422,0.538056233,-0.40145843,0.688082638,0.848101856,0.142087922,2.1552002,0.142087922
DSS,Circadian Clock,0.290634211,0.067045516,1.192818659,1.259864175,0.748326878,-1.651270117,0.098683431,0.693778006,0.847636365,0.036915905,0.847636365
DSS,Complement System,0.848739145,0.464463302,1.08648407,1.550947372,0.307592051,-0.533184745,0.5939057,0.777209929,0.792151815,0.069441419,0.792151815
DSS,Cytotoxicity,0.793184402,0.515581271,0.70467542,1.220256691,0.21977995,-1.054234234,0.29177569,0.693778006,0.940510645,0.005569348,0.940510645
DSS,Dendritic Cells,0.818926632,0.485325958,0.896509936,1.381835894,0.26693029,-0.748363109,0.454241168,0.731083977,0.901381496,0.015355265,0.901381496
DSS,Differentiation,0.452915905,0.066977385,2.99574022,3.062717606,0.975197225,-0.812193462,0.41668063,0.721512632,0.846212469,0.037617873,0.846212469
DSS,DNA Damage Repair,0.821889488,0.214329374,2.937372682,3.151702056,0.685773815,-0.286026284,0.77485799,0.889257989,0.13847519,2.194822168,0.13847519
DSS,DNA Sensing,0.329705349,0.093744077,1.065855772,1.159599849,0.641660205,-1.729195446,0.083774121,0.693778006,0.940729396,0.005528389,0.940729396
DSS,EGFR Signaling,0.199985762,0.051062514,0.73217948,0.783241993,0.696541133,-2.310716524,0.020848518,0.693778006,0.352150371,0.865693227,0.352150371
DSS,EMT,0.896788335,0.134942831,5.824835171,5.959778002,0.966328291,-0.112731269,0.91024361,0.938979833,0.970947099,0.00132645,0.970947099
DSS,Endocytosis,0.36805565,0.09723463,1.295941467,1.393176097,0.679148822,-1.47172622,0.141094824,0.693778006,0.660920004,0.192407961,0.660920004
DSS,Epigenetic Modification,0.420681066,0.108444245,1.523477841,1.631922087,0.691665163,-1.251877847,0.210614378,0.693778006,0.553207456,0.351602388,0.553207456
DSS,ERBB2 Signaling,0.319022334,0.046857914,2.12513913,2.171997044,0.978661455,-1.167404886,0.243046899,0.693778006,0.69424619,0.154527007,0.69424619
DSS,Estrogen Signaling,0.341232192,0.04554273,2.511164108,2.556706838,1.027525083,-1.046390142,0.295380942,0.693778006,0.176673003,1.825390206,0.176673003
DSS,Fatty Acid Oxidation,0.756744448,0.469467928,0.750343109,1.219811037,0.243588979,-1.144262224,0.252514905,0.693778006,0.898707132,0.016203948,0.898707132
DSS,Fatty Acid Synthesis,0.863793433,0.380985399,1.577459981,1.95844538,0.417646759,-0.350587232,0.725898037,0.86629812,0.184634483,1.759920088,0.184634483
DSS,FGFR Signaling,0.43015638,0.14765368,1.105511913,1.253165592,0.545560681,-1.546310964,0.122029485,0.693778006,0.504805489,0.444819343,0.504805489
DSS,FoxO Signaling,0.361514628,0.065724948,1.922756278,1.988481226,0.869824105,-1.16972244,0.242112685,0.693778006,0.832252722,0.044864858,0.832252722
DSS,Glioma,0.413351936,0.070564926,2.350748789,2.421313715,0.90193808,-0.979508375,0.327328853,0.693778006,0.516404961,0.421067302,0.516404961
DSS,Glutamine Metabolism,1.094089909,0.342902153,3.147985029,3.490887182,0.591966503,0.15190536,0.879261581,0.938979833,0.511235456,0.431537556,0.511235456
DSS,Glycan Sensing,0.227260315,0.052845649,0.924477023,0.977322672,0.744258953,-1.990784458,0.046504589,0.693778006,0.513567164,0.42679223,0.513567164
DSS,Glycolysis & Glucose Transport,0.814201854,0.184416926,3.410289226,3.594706152,0.757671685,-0.271287643,0.78616981,0.889257989,0.127611887,2.321317658,0.127611887
DSS,Glycosylation,0.229325902,0.045328559,1.114875311,1.16020387,0.827161564,-1.780318621,0.075023831,0.693778006,0.54577338,0.364943678,0.54577338
DSS,GPCR Signaling,0.750660686,0.336394012,1.338699614,1.675093626,0.409533344,-0.700313051,0.483731823,0.732629055,0.786479061,0.07337898,0.786479061
DSS,Hedgehog Signaling,0.139085418,0.016991643,1.121494688,1.138486332,1.072655741,-1.839049514,0.065907904,0.693778006,0.528505212,0.397264815,0.528505212
DSS,HIF-1 Signaling,0.899033095,0.127600632,6.206697993,6.334298624,0.996148165,-0.10684699,0.914910369,0.938979833,0.420450772,0.649054923,0.420450772
DSS,Host Defense Peptides,0.860314484,0.468880731,1.109646519,1.578527251,0.309673838,-0.485857244,0.627068385,0.800834323,0.845960822,0.037742646,0.845960822
DSS,IDH1/2,0.492127558,0.17464567,1.212102323,1.386747994,0.528570307,-1.341386988,0.17979484,0.693778006,0.066353119,3.37100866,0.066353119
DSS,IL-1 Signaling,0.461251179,0.170976809,1.073359494,1.244336303,0.506343398,-1.528236626,0.126453798,0.693778006,0.850879498,0.035342635,0.850879498
DSS,IL-17 Signaling,0.435308775,0.097198223,1.852361374,1.949559598,0.764964654,-1.087239349,0.276931045,0.693778006,0.372056508,0.796784451,0.372056508
DSS,IL-2 Signaling,0.571769751,0.240067745,1.121717235,1.361784979,0.442771006,-1.262546313,0.206752272,0.693778006,0.407296228,0.686679148,0.407296228
DSS,IL-6 Signaling,0.440963625,0.156534522,1.085676564,1.242211087,0.52842084,-1.549509079,0.121259391,0.693778006,0.206885578,1.593087444,0.206885578
DSS,Immortality & Stemness,0.906675228,0.172814673,4.584072886,4.756887559,0.845711737,-0.115844397,0.907775864,0.938979833,0.290998953,1.114993916,0.290998953
DSS,Immune Exhaustion,0.834947191,0.505219615,0.874649242,1.379868857,0.25631862,-0.703760031,0.481582228,0.732629055,0.858536909,0.031768403,0.858536909
DSS,Inflammasomes,0.739000278,0.246934953,1.964665321,2.211600274,0.55928239,-0.540794754,0.588649059,0.777209929,0.995785806,2.79E-05,0.995785806
DSS,Insulin Signaling,0.438758196,0.128212214,1.373273088,1.501485302,0.627696046,-1.312429525,0.18937525,0.693778006,0.588641668,0.292470563,0.588641668
DSS,Interferon Response Genes,0.884520465,0.228392319,3.197188966,3.425581284,0.690819227,-0.177629145,0.859014234,0.930512771,0.715513959,0.132831657,0.715513959
DSS,Ion Transport,0.650008318,0.227174404,1.632677788,1.859852192,0.53637064,-0.803120244,0.421905238,0.721512632,0.860863087,0.030721534,0.860863087
DSS,JAK/STAT Signaling,0.741958482,0.29993453,1.535473983,1.835408513,0.46211516,-0.645860636,0.518369615,0.732629055,0.795355394,0.067269018,0.795355394
DSS,Leukemia,0.290971765,0.029907651,2.800958889,2.83086654,1.16079271,-1.063522395,0.287545115,0.693778006,0.712807566,0.135488827,0.712807566
DSS,Lipid Metabolism,0.649792851,0.283411494,1.206403695,1.489815189,0.423351522,-1.018306622,0.308532262,0.693778006,0.967377814,0.001672585,0.967377814
DSS,Lmyphocyte Trafficking,0.608628247,0.252073678,1.217450415,1.469524093,0.449746138,-1.104062021,0.269566234,0.693778006,0.707719505,0.14056547,0.707719505
DSS,Lymphocyte Regulation,0.81887274,0.463207873,0.984419863,1.447627736,0.290695528,-0.687408553,0.49182531,0.732629055,0.968133406,0.001595961,0.968133406
DSS,Lysosome,0.844997241,0.322874292,1.888575658,2.21144995,0.490861215,-0.343115144,0.731511839,0.86629812,0.418392809,0.654825199,0.418392809
DSS,MAPK Signaling,0.579184986,0.197938986,1.496801673,1.694740659,0.547797355,-0.99696239,0.318782766,0.693778006,0.872998614,0.025552275,0.872998614
DSS,Matrix Remodeling and Metastasis,0.757039459,0.309263107,1.543879831,1.853142938,0.456754814,-0.609385808,0.542268742,0.736929316,0.60871353,0.262052535,0.60871353
DSS,Melanoma,0.633365224,0.205713714,1.744333753,1.950047467,0.573766545,-0.795982361,0.426042288,0.721512632,0.687233166,0.162096985,0.687233166
DSS,MET Signaling,0.244325414,0.032445147,1.807426538,1.839871685,1.030095516,-1.36808117,0.17128667,0.693778006,0.961947515,0.002276226,0.961947515
DSS,MHC Class I Antigen Presentation,0.235204544,0.052402846,1.003287467,1.055690314,0.766082763,-1.889221134,0.058862204,0.693778006,0.482175111,0.493939761,0.482175111
DSS,MHC Class II Antigen Presentation,0.815326202,0.335222667,1.647807962,1.983030629,0.453474299,-0.450228378,0.652545776,0.823450622,0.157552278,1.997563617,0.157552278
DSS,Mitochondrial Metabolism,0.533237506,0.173827016,1.461949997,1.635777013,0.571901468,-1.099469728,0.271563231,0.693778006,0.349304896,0.87598072,0.349304896
DSS,mTOR Signaling,0.628516855,0.159743456,2.313180618,2.472924074,0.698887189,-0.664474096,0.506386923,0.732629055,0.508595304,0.436956066,0.508595304
DSS,Myc,0.841043985,0.176198444,3.838337492,4.014535936,0.79748051,-0.21707279,0.828151618,0.924042858,0.550102625,0.357133352,0.550102625
DSS,Myeloid Inflammation,0.141101812,0.023392208,0.827734014,0.851126222,0.916893757,-2.135769347,0.032698219,0.693778006,0.473344953,0.514156735,0.473344953
DSS,Neuroendocrine Function,1.570150718,0.480479653,4.650587314,5.131066967,0.604165188,0.746768636,0.455203231,0.731083977,0.916966201,0.010869312,0.916966201
DSS,Neutrophil Degranulation,0.651455919,0.24514989,1.486014726,1.731164616,0.498651977,-0.859408094,0.390115406,0.721512632,0.803946842,0.061624302,0.803946842
DSS,NF-kB Signaling,0.731636685,0.338942355,1.240359352,1.579301707,0.392585791,-0.795931047,0.426072114,0.721512632,0.975613179,0.00093447,0.975613179
DSS,NK Activity,0.562160438,0.22865611,1.153438416,1.382094526,0.458971757,-1.254909445,0.209511635,0.693778006,0.763235103,0.090742683,0.763235103
DSS,NLR Signaling,0.544175372,0.193277287,1.338857398,1.532134685,0.528145262,-1.152114303,0.249274107,0.693778006,0.972309242,0.001204936,0.972309242
DSS,NO Signaling,1.000942089,0.515191228,1.429494575,1.944685803,0.338862746,0.002778842,0.997782808,0.999535524,0.841414299,0.040033908,0.841414299
DSS,Notch Signaling,0.14423725,0.008706886,2.380710364,2.38941725,1.432345338,-1.351835843,0.176427835,0.693778006,0.431021589,0.620069155,0.431021589
DSS,Nucleotide Synthesis,0.631152677,0.146378558,2.575015249,2.721393807,0.745601284,-0.617230006,0.537083027,0.736929316,0.357817113,0.845540025,0.357817113
DSS,Other Interleukin Signaling,0.710927984,0.318956056,1.265646554,1.58460261,0.408945167,-0.834302909,0.404110313,0.721512632,0.716343514,0.132023158,0.716343514
DSS,Oxidative Stress,0.300750628,0.060134144,1.444018652,1.504152795,0.821292464,-1.462906199,0.143493047,0.693778006,0.465357972,0.532976946,0.465357972
DSS,p53 Signaling,0.773309848,0.118111699,4.944961042,5.063072741,0.958716102,-0.268145566,0.788587273,0.889257989,0.703170804,0.14519432,0.703170804
DSS,PDGF Signaling,0.309910375,0.064306568,1.429233581,1.493540148,0.802372588,-1.460010165,0.14428728,0.693778006,0.115293981,2.480112842,0.115293981
DSS,Pentose Phosphate,0.49558421,0.173439524,1.242637411,1.416076935,0.535677351,-1.310523934,0.190018653,0.693778006,0.361370496,0.833124864,0.361370496
DSS,Phagocytosis,0.496194412,0.168019786,1.297336767,1.465356553,0.552503042,-1.268386626,0.204659915,0.693778006,0.687026142,0.162323644,0.687026142
DSS,PI3K/Akt Signaling,0.78399127,0.303729388,1.719921716,2.023651104,0.483815396,-0.502996383,0.614966815,0.794957102,0.972237498,0.00121119,0.972237498
DSS,PPAR Signaling,0.77538964,0.418601373,1.017679378,1.436280751,0.314519338,-0.808820266,0.418618538,0.721512632,0.99225331,9.43E-05,0.99225331
DSS,Prostate Cancer,0.473359542,0.10429707,2.044078295,2.148375365,0.771754977,-0.969090022,0.332500276,0.693778006,0.856385058,0.032752938,0.856385058
DSS,Proteotoxic Stress,1.331920286,0.227990497,7.55308666,7.781077157,0.900564026,0.318269125,0.750280802,0.873953462,0.28179995,1.15838875,0.28179995
DSS,RAGE Signaling,0.736652766,0.185974577,2.731936604,2.917911182,0.702312218,-0.435189129,0.663425153,0.827330191,0.4183495,0.654947087,0.4183495
DSS,RNA Processing,1.29795803,0.285791133,5.60905602,5.894847153,0.772099046,0.337770504,0.735536139,0.86629812,0.124349128,2.361668489,0.124349128
DSS,RNA Sensing,0.496670998,0.151275548,1.479404916,1.630680464,0.60655443,-1.153775182,0.248592352,0.693778006,0.913730921,0.01173621,0.913730921
DSS,Senescence,0.503537177,0.070040056,3.550026855,3.620066911,1.006442086,-0.681706123,0.495424795,0.732629055,0.12520932,2.350917183,0.12520932
DSS,T cell Checkpoints,0.854550792,0.51922457,0.887213219,1.406437789,0.254208474,-0.618308802,0.536371801,0.736929316,0.998645766,2.88E-06,0.998645766
DSS,T cells,0.771551833,0.448246476,0.879800174,1.32804665,0.277076828,-0.936027118,0.349259226,0.711951499,0.95465128,0.003233836,0.95465128
DSS,TCR Signaling,0.300209236,0.07516752,1.123828883,1.198996403,0.706523426,-1.703093696,0.088550535,0.693778006,0.594748889,0.282988831,0.594748889
DSS,TGF beta Signaling,1.000482138,0.197420755,4.872788353,5.070209108,0.828025439,0.000582134,0.999535524,0.999535524,0.778097793,0.079410562,0.778097793
DSS,Th1 Differentiation,0.549617923,0.214560809,1.193337784,1.407898593,0.479922166,-1.247143745,0.212344795,0.693778006,0.680700037,0.169338878,0.680700037
DSS,Th17 Differentiation,0.817689629,0.398165756,1.281075414,1.67924117,0.367156975,-0.548191793,0.583560216,0.777209929,0.571328592,0.320464565,0.571328592
DSS,Th2 Differentiation,0.714046848,0.372012574,0.998540296,1.37055287,0.332669847,-1.012435328,0.311329954,0.693778006,0.38274365,0.761870942,0.38274365
DSS,Th9 Differentiation,0.702380194,0.314241166,1.25569298,1.569934147,0.410371881,-0.860878755,0.389304824,0.721512632,0.597079783,0.279422801,0.597079783
DSS,TLR Signaling,0.5001439,0.170107631,1.300396188,1.470503818,0.5502471,-1.25917869,0.207965797,0.693778006,0.822977311,0.050049415,0.822977311
DSS,TNF Signaling,0.60558798,0.21900317,1.455569858,1.674573027,0.518945071,-0.966490393,0.333798852,0.693778006,0.915696096,0.011205628,0.915696096
DSS,Treg Differentiation,0.919584493,0.361549207,1.977373475,2.338922681,0.476296395,-0.176010883,0.860285392,0.930512771,0.323129046,0.976239233,0.323129046
DSS,Type I Interferon Signaling,0.751343587,0.327741007,1.394708042,1.722449048,0.423293171,-0.675400044,0.499421637,0.732629055,0.27393487,1.196936322,0.27393487
DSS,Type II Interferon Signaling,0.663248835,0.297826608,1.179204005,1.477030613,0.408496676,-1.005161282,0.314819195,0.693778006,0.524357572,0.405313992,0.524357572
DSS,Type III Interferon Signaling,0.944307284,0.397212552,1.847722163,2.244934715,0.441834697,-0.129694778,0.896807914,0.938979833,0.215951972,1.531069705,0.215951972
DSS,VEGF Signaling,0.112398313,0.015116386,0.820624423,0.835740809,1.023625749,-2.135259254,0.032739839,0.693778006,0.271234395,1.210493566,0.271234395
DSS,Vitamin & Cofactor Metabolism,0.787008575,0.409352697,1.10372515,1.513077848,0.333507159,-0.718173891,0.472650074,0.732629055,0.95615501,0.003022716,0.95615501
DSS,Wnt Signaling,0.365342828,0.075595468,1.690057759,1.765653227,0.803810604,-1.252682046,0.210321442,0.693778006,0.33628942,0.924525893,0.33628942
OS,Amino Acid Synthesis & Transport,1.172557276,0.264146011,4.940894038,5.205040049,0.760442711,0.20933473,0.834186941,0.88404024,0.487562961,0.481899983,0.487562961
OS,AMPK Signaling,0.793627575,0.255336511,2.211387599,2.46672411,0.578598374,-0.399484317,0.689536377,0.821245573,0.905820035,0.013997853,0.905820035
OS,Androgen Signaling,0.155052148,0.026903344,0.866709316,0.89361266,0.893644438,-2.085833804,0.03699368,0.490166263,0.990103215,0.000153862,0.990103215
OS,Angiotensin System,0.901844753,0.586712343,0.799527384,1.386239727,0.219344713,-0.471006968,0.637635759,0.777413053,0.429114503,0.62521888,0.429114503
OS,Apoptosis,0.097446114,0.011011603,0.851328363,0.862339966,1.112443932,-2.093099408,0.036340282,0.490166263,0.807537117,0.059343168,0.807537117
OS,Arginine Metabolism,0.735868353,0.398912402,0.958534069,1.357446471,0.312408488,-0.981740435,0.32622774,0.588804647,0.832276335,0.044852037,0.832276335
OS,Autophagy,0.188458712,0.022408319,1.562569385,1.584977704,1.086472348,-1.536050444,0.124526009,0.5715297,0.156529935,2.007433421,0.156529935
OS,B cells,0.807127122,0.507852217,0.774911094,1.282763311,0.236377143,-0.906492467,0.36467525,0.609046194,0.809112313,0.058356724,0.809112313
OS,BCR Signaling,0.231037507,0.044163548,1.164487767,1.208651315,0.844240173,-1.735495725,0.082653038,0.554403101,0.511630187,0.430731588,0.511630187
OS,Cancer Antigens,0.804899231,0.479598561,0.871245299,1.350843861,0.264172032,-0.821578981,0.411316556,0.609046194,0.967108909,0.001700288,0.967108909
OS,Cell Adhesion & Motility,0.518965235,0.140478333,1.776720628,1.917198961,0.666738593,-0.983771436,0.325227907,0.588804647,0.634194537,0.226415469,0.634194537
OS,Cell Cycle,0.863668904,0.240166286,2.865698362,3.105864647,0.653000745,-0.224449661,0.822407432,0.88404024,0.246906322,1.340724043,0.246906322
OS,Chemokine Signaling,0.483252627,0.175521298,1.154990181,1.330511479,0.516733558,-1.407332102,0.159328934,0.5715297,0.98228793,0.000492867,0.98228793
OS,Cilium Assembly,0.944908739,0.342520271,2.264194134,2.606714405,0.517742936,-0.109449932,0.912845632,0.939433369,0.237582435,1.394881638,0.237582435
OS,Circadian Clock,0.273562458,0.068114608,1.030569232,1.098683839,0.709369295,-1.827292675,0.067655776,0.554403101,0.878853599,0.023232662,0.878853599
OS,Complement System,0.824493237,0.4650552,0.996683316,1.461738516,0.292154772,-0.660561996,0.508893248,0.657837613,0.613853042,0.254602152,0.613853042
OS,Cytotoxicity,0.766593433,0.50972063,0.643196198,1.152916828,0.208214946,-1.276559138,0.201757936,0.579584627,0.777479036,0.079866037,0.777479036
OS,Dendritic Cells,0.798471609,0.485892948,0.826241573,1.312134521,0.253428679,-0.888044195,0.374516979,0.609046194,0.846179344,0.037634285,0.846179344
OS,Differentiation,0.420793799,0.068091783,2.532330962,2.600422745,0.929244819,-0.931522388,0.351583409,0.609046194,0.941116251,0.005456327,0.941116251
OS,DNA Damage Repair,0.830763598,0.230423139,2.764797566,2.995220705,0.654311984,-0.283366357,0.776896015,0.877792198,0.218530486,1.51399506,0.218530486
OS,DNA Sensing,0.281236553,0.086567052,0.827106187,0.913673239,0.601172709,-2.110140925,0.034846219,0.490166263,0.9635872,0.002084153,0.9635872
OS,EGFR Signaling,0.227247719,0.061878029,0.772691635,0.834569664,0.663724199,-2.232425136,0.025586878,0.490166263,0.276871825,1.182380897,0.276871825
OS,EMT,0.65598808,0.109397256,3.824159914,3.93355717,0.913872308,-0.461347452,0.644549346,0.777413053,0.788038328,0.072285065,0.788038328
OS,Endocytosis,0.312420774,0.08901942,1.00744627,1.09646569,0.64057114,-1.816198535,0.069339923,0.554403101,0.907498728,0.013501064,0.907498728
OS,Epigenetic Modification,0.395681242,0.109204553,1.324468688,1.433673241,0.656841757,-1.411521613,0.158090867,0.5715297,0.858454851,0.031805662,0.858454851
OS,ERBB2 Signaling,0.293499883,0.046925354,1.788802538,1.835727892,0.935384082,-1.31056115,0.190006072,0.579584627,0.705099155,0.143221524,0.705099155
OS,Estrogen Signaling,0.279658468,0.04155302,1.840593165,1.882146186,0.972772411,-1.309850241,0.190246503,0.579584627,0.434515143,0.610724529,0.434515143
OS,Fatty Acid Oxidation,0.783121319,0.497491434,0.735251402,1.232742836,0.231488584,-1.056067859,0.290937213,0.588804647,0.882189869,0.021961386,0.882189869
OS,Fatty Acid Synthesis,0.923151278,0.424946121,1.580504075,2.005450196,0.39583928,-0.202006631,0.83991154,0.88404024,0.121190596,2.401866239,0.121190596
OS,FGFR Signaling,0.456547504,0.165044463,1.097861422,1.262905885,0.519130889,-1.510336871,0.130957488,0.5715297,0.702381011,0.146006779,0.702381011
OS,FoxO Signaling,0.35561066,0.07012488,1.733214267,1.803339148,0.828361561,-1.248149174,0.211976433,0.579584627,0.865933911,0.028502045,0.865933911
OS,Glioma,0.461685539,0.08628324,2.384110051,2.470393291,0.855754825,-0.903145677,0.366448584,0.609046194,0.793041114,0.068834672,0.793041114
OS,Glutamine Metabolism,1.118471148,0.37108859,3.000014001,3.371102591,0.562906855,0.198900947,0.842340229,0.88404024,0.750984978,0.100705221,0.750984978
OS,Glycan Sensing,0.209868086,0.052776533,0.781772672,0.834549205,0.70430505,-2.216761198,0.026639414,0.490166263,0.760344293,0.093042509,0.760344293
OS,Glycolysis & Glucose Transport,0.903498145,0.220621295,3.479424521,3.700045816,0.719312414,-0.141080872,0.887806055,0.922621978,0.190307156,1.715238144,0.190307156
OS,Glycosylation,0.205547416,0.043988367,0.916486947,0.960475314,0.786622382,-2.011230004,0.044301168,0.521769311,0.400145739,0.707888297,0.400145739
OS,GPCR Signaling,0.718112088,0.335370786,1.202285424,1.53765621,0.388470876,-0.852392369,0.393996354,0.609046194,0.891164759,0.018722591,0.891164759
OS,Hedgehog Signaling,0.150869098,0.020405515,1.095051983,1.115457498,1.020736793,-1.852919119,0.063893952,0.554403101,0.739365708,0.11068492,0.739365708
OS,HIF-1 Signaling,0.977921008,0.153939363,6.058438552,6.212377915,0.943318416,-0.023667916,0.981117498,0.981117498,0.639817504,0.218980922,0.639817504
OS,Host Defense Peptides,0.805281586,0.453781277,0.975273787,1.429055065,0.29264655,-0.740016468,0.459290002,0.63480807,0.636594218,0.223224103,0.636594218
OS,IDH1/2,0.499593491,0.185883072,1.15686241,1.342745482,0.504436267,-1.375714983,0.168909891,0.5715297,0.093276135,2.816904436,0.093276135
OS,IL-1 Signaling,0.447071452,0.174185632,0.973284922,1.147470554,0.480925598,-1.673932211,0.094143923,0.554403101,0.95857371,0.002698128,0.95857371
OS,IL-17 Signaling,0.454604147,0.109589932,1.776212225,1.885802158,0.725871258,-1.086044166,0.277459453,0.588804647,0.581320842,0.30410417,0.581320842
OS,IL-2 Signaling,0.562632733,0.246696336,1.036482802,1.283179138,0.420655129,-1.367220231,0.171556286,0.5715297,0.367580003,0.811829189,0.367580003
OS,IL-6 Signaling,0.395293763,0.148596996,0.90295292,1.051549916,0.499188394,-1.859270164,0.062988854,0.554403101,0.200025847,1.642185684,0.200025847
OS,Immortality & Stemness,0.798287284,0.166204762,3.667996989,3.834201751,0.80065145,-0.281379296,0.778419496,0.877792198,0.529724838,0.394919374,0.529724838
OS,Immune Exhaustion,0.822891847,0.510797135,0.814877866,1.325675001,0.243296442,-0.801205715,0.423012563,0.609046194,0.906659219,0.01374837,0.906659219
OS,Inflammasomes,0.70366137,0.249861687,1.731791961,1.981653648,0.528269768,-0.665300323,0.505858424,0.657837613,0.738299905,0.111626525,0.738299905
OS,Insulin Signaling,0.473667139,0.147688857,1.371454584,1.519143441,0.594601279,-1.256725252,0.208853141,0.579584627,0.796857438,0.06626314,0.796857438
OS,Interferon Response Genes,0.803686118,0.220882924,2.703342114,2.924225038,0.658979449,-0.331643857,0.740158199,0.862162298,0.940917324,0.005493323,0.940917324
OS,Ion Transport,0.664876116,0.243826539,1.569184674,1.813011213,0.511817396,-0.797461262,0.425183192,0.609046194,0.651278445,0.204292127,0.651278445
OS,JAK/STAT Signaling,0.682908588,0.289772353,1.319643223,1.609415576,0.437388335,-0.871980885,0.383218806,0.609046194,0.575281453,0.313925204,0.575281453
OS,Leukemia,0.281581693,0.03242263,2.413037511,2.445460141,1.102860046,-1.149132814,0.250501219,0.588804647,0.897871541,0.016473871,0.897871541
OS,Lipid Metabolism,0.658114513,0.299082822,1.149060233,1.448143055,0.402384136,-1.039743601,0.298459038,0.588804647,0.678907479,0.171358272,0.678907479
OS,Lmyphocyte Trafficking,0.607034425,0.262548317,1.140967793,1.40351611,0.427635599,-1.167278352,0.243097978,0.588804647,0.580281497,0.305779788,0.580281497
OS,Lymphocyte Regulation,0.800350837,0.465626328,0.910072218,1.375698546,0.276365658,-0.805834932,0.420338033,0.609046194,0.745971886,0.104947028,0.745971886
OS,Lysosome,0.80601167,0.32167869,1.697898083,2.019576774,0.468654035,-0.460162597,0.645399516,0.777413053,0.575379861,0.313763534,0.575379861
OS,MAPK Signaling,0.557621342,0.201189307,1.344328027,1.545517333,0.520128865,-1.122943148,0.261461641,0.588804647,0.792268768,0.069361463,0.792268768
OS,Matrix Remodeling and Metastasis,0.692705543,0.295372974,1.329152667,1.624525641,0.43488867,-0.844239679,0.398535486,0.609046194,0.397885706,0.714706731,0.397885706
OS,Melanoma,0.625200568,0.214410194,1.60861764,1.823027833,0.54602102,-0.86019174,0.389683357,0.609046194,0.951711027,0.003667301,0.951711027
OS,MET Signaling,0.295562,0.042375907,2.019099617,2.061475524,0.99098691,-1.229962414,0.21871118,0.579584627,0.87660822,0.02410887,0.87660822
OS,MHC Class I Antigen Presentation,0.198470571,0.048253917,0.768064638,0.816318555,0.721525418,-2.241243908,0.02501028,0.490166263,0.522873882,0.408220916,0.522873882
OS,MHC Class II Antigen Presentation,0.859757564,0.370416743,1.625127687,1.99554443,0.429610824,-0.351724918,0.725044571,0.853941384,0.223314236,1.48294552,0.223314236
OS,Mitochondrial Metabolism,0.626854722,0.216347802,1.599925986,1.816273789,0.542779107,-0.860461396,0.389534755,0.609046194,0.35460197,0.856920267,0.35460197
OS,mTOR Signaling,0.637685046,0.173185818,2.174825256,2.348011073,0.665052728,-0.676503919,0.498720759,0.657837613,0.64003083,0.218701848,0.64003083
OS,Myc,0.964597217,0.22180134,3.973158853,4.194960193,0.749977305,-0.048060996,0.961667631,0.97082637,0.844275519,0.03858379,0.844275519
OS,Myeloid Inflammation,0.142250466,0.025870403,0.756305092,0.782175494,0.869653624,-2.242462832,0.024931475,0.490166263,0.72045479,0.128057369,0.72045479
OS,Neuroendocrine Function,1.562194531,0.509725748,4.278048395,4.787774142,0.571425822,0.780664027,0.435000123,0.614800174,0.923745967,0.009161593,0.923745967
OS,Neutrophil Degranulation,0.58704698,0.232362955,1.250765701,1.483128656,0.472867996,-1.126425202,0.259985584,0.588804647,0.596645417,0.280085141,0.596645417
OS,NF-kB Signaling,0.694390146,0.334526168,1.106848891,1.441375059,0.372618513,-0.978806186,0.327675752,0.588804647,0.758837156,0.094254015,0.758837156
OS,NK Activity,0.542156156,0.23109042,1.040850227,1.271940646,0.435081979,-1.40709392,0.159399541,0.5715297,0.981668447,0.000527952,0.981668447
OS,NLR Signaling,0.473959104,0.17859032,1.079245116,1.257835435,0.497981893,-1.499320056,0.133790622,0.5715297,0.716370839,0.131996573,0.716370839
OS,NO Signaling,0.937214143,0.499306451,1.259874405,1.759180856,0.32127721,-0.20183032,0.840049377,0.88404024,0.541993588,0.371857354,0.541993588
OS,Notch Signaling,0.097092467,0.006563994,1.429596256,1.43616025,1.374547986,-1.696624281,0.089767716,0.554403101,0.712733364,0.135562101,0.712733364
OS,Nucleotide Synthesis,0.49887371,0.126819454,1.835615893,1.962435347,0.698782497,-0.995162736,0.319657122,0.588804647,0.67592506,0.174749222,0.67592506
OS,Other Interleukin Signaling,0.671801141,0.314292912,1.12168212,1.435975032,0.387577013,-1.026358349,0.304722703,0.588804647,0.524741196,0.404564749,0.524741196
OS,Oxidative Stress,0.264978201,0.058267241,1.146757153,1.205024394,0.772773143,-1.718625615,0.085682564,0.554403101,0.776964151,0.080246122,0.776964151
OS,p53 Signaling,0.76520153,0.126639282,4.496992294,4.623631576,0.917770178,-0.291593744,0.770597259,0.877792198,0.789591445,0.071204217,0.789591445
OS,PDGF Signaling,0.390349527,0.087446028,1.65503167,1.742477698,0.763289935,-1.232444808,0.217782972,0.579584627,0.270419028,1.214620207,0.270419028
OS,Pentose Phosphate,0.463307536,0.170773963,1.086173342,1.256947305,0.509218657,-1.510872019,0.130821061,0.5715297,0.49739665,0.460486595,0.49739665
OS,Phagocytosis,0.481900978,0.172355099,1.17502919,1.347384289,0.524592178,-1.391588851,0.164046937,0.5715297,0.504583815,0.445282418,0.504583815
OS,PI3K/Akt Signaling,0.748933694,0.304047484,1.540735673,1.844783157,0.459940373,-0.628570228,0.529630456,0.676395523,0.709464009,0.138812905,0.709464009
OS,PPAR Signaling,0.745909799,0.41469042,0.92698858,1.341679,0.299532246,-0.978694626,0.327730888,0.588804647,0.742410829,0.108019015,0.742410829
OS,Prostate Cancer,0.475763192,0.112894986,1.892071072,2.004966058,0.733922759,-1.012143355,0.311469515,0.588804647,0.636876871,0.222850024,0.636876871
OS,Proteotoxic Stress,0.946908255,0.172608161,5.022020178,5.194628339,0.868474198,-0.062814843,0.949913947,0.968181522,0.537991828,0.379274387,0.537991828
OS,RAGE Signaling,0.690883316,0.18682942,2.368013153,2.554842573,0.667244372,-0.554196255,0.579444541,0.722601428,0.609556716,0.260820943,0.609556716
OS,RNA Processing,1.838755936,0.426118588,7.508347274,7.934465862,0.745996777,0.816477014,0.414227365,0.609046194,0.14775421,2.095284455,0.14775421
OS,RNA Sensing,0.456085343,0.147623658,1.261458352,1.40908201,0.575527803,-1.364096272,0.172537268,0.5715297,0.85396831,0.033877181,0.85396831
OS,Senescence,0.572151391,0.087556757,3.651243377,3.738800133,0.957730044,-0.582994819,0.559896788,0.706536423,0.251687686,1.313911449,0.251687686
OS,T cell Checkpoints,0.839535493,0.522888962,0.825045105,1.347934067,0.241575676,-0.72402374,0.469051161,0.637428501,0.783497426,0.07549535,0.783497426
OS,T cells,0.745418893,0.445175528,0.802982315,1.248157843,0.263003651,-1.117128772,0.26393927,0.588804647,0.727459527,0.121457065,0.727459527
OS,TCR Signaling,0.302270095,0.081086423,1.045701604,1.126788027,0.671341641,-1.782154172,0.074724094,0.554403101,0.780409465,0.077721339,0.780409465
OS,TGF beta Signaling,0.837337713,0.179578913,3.724746127,3.90432504,0.785531135,-0.225997166,0.821203625,0.88404024,0.937636458,0.006121633,0.937636458
OS,Th1 Differentiation,0.4899185,0.201359338,0.990639697,1.191999035,0.453655268,-1.57281592,0.115761448,0.5715297,0.543739123,0.368653535,0.543739123
OS,Th17 Differentiation,0.773030212,0.389816673,1.143149333,1.532966006,0.349313343,-0.736980572,0.461134164,0.63480807,0.404293604,0.695518644,0.404293604
OS,Th2 Differentiation,0.686680579,0.369573938,0.906301247,1.275875185,0.316086629,-1.189186797,0.234366169,0.588804647,0.362782121,0.828239393,0.362782121
OS,Th9 Differentiation,0.676587141,0.314729644,1.139757304,1.454486947,0.390490468,-1.000521295,0.317058297,0.588804647,0.598500497,0.277263429,0.598500497
OS,TLR Signaling,0.477941458,0.171689401,1.158783165,1.330472565,0.522357159,-1.413337626,0.157556476,0.5715297,0.984807673,0.000362594,0.984807673
OS,TNF Signaling,0.570566006,0.217454374,1.279620905,1.497075279,0.492172211,-1.140101787,0.254243897,0.588804647,0.803232441,0.062083655,0.803232441
OS,Treg Differentiation,0.907217428,0.37210289,1.839767761,2.211870651,0.454708224,-0.214144216,0.830434596,0.88404024,0.360932474,0.834646162,0.360932474
OS,Type I Interferon Signaling,0.666676437,0.304464998,1.155333252,1.45979825,0.399879131,-1.013932516,0.310614955,0.588804647,0.256887382,1.285454171,0.256887382
OS,Type II Interferon Signaling,0.618965996,0.289934243,1.031465054,1.321399297,0.386943942,-1.239727231,0.215076301,0.579584627,0.439203201,0.598363254,0.439203201
OS,Type III Interferon Signaling,0.749212691,0.32716683,1.38853172,1.71569855,0.42273873,-0.683004298,0.494604126,0.657837613,0.203372034,1.617991771,0.203372034
OS,VEGF Signaling,0.119899983,0.017815095,0.789141375,0.80695647,0.972779001,-2.180451426,0.029224016,0.490166263,0.528457011,0.397357709,0.528457011
OS,Vitamin & Cofactor Metabolism,0.765131943,0.412266543,1.007753831,1.420020374,0.315504881,-0.848503464,0.396157644,0.609046194,0.80250665,0.062552187,0.80250665
OS,Wnt Signaling,0.3453453,0.077226468,1.467106452,1.54433292,0.764199013,-1.39127436,0.164142246,0.5715297,0.615872275,0.251711861,0.615872275
PFS,Amino Acid Synthesis & Transport,0.809479145,0.187505974,3.307083935,3.49458991,0.746228152,-0.283243494,0.776990189,0.859299372,0.735150459,0.114434916,0.735150459
PFS,AMPK Signaling,0.794908884,0.237225466,2.426401441,2.663626907,0.616958518,-0.372031142,0.709869663,0.813300968,0.756949404,0.095783583,0.756949404
PFS,Androgen Signaling,0.152905371,0.025877743,0.877603384,0.903481127,0.906361543,-2.071950264,0.03827008,0.755142014,0.731140911,0.118066637,0.731140911
PFS,Angiotensin System,1.011033121,0.659419109,0.890714875,1.550133984,0.218049246,0.050322118,0.959865698,0.985588686,0.818144849,0.052868583,0.818144849
PFS,Apoptosis,0.202159532,0.029157774,1.372474451,1.401632225,0.987944462,-1.618206481,0.105618107,0.755142014,0.776690951,0.080448192,0.776690951
PFS,Arginine Metabolism,0.845434002,0.460162917,1.09311012,1.553273038,0.310347291,-0.541023479,0.588491399,0.798544295,0.950928243,0.003787313,0.950928243
PFS,Autophagy,0.207145428,0.019543237,2.176061735,2.195604972,1.204507746,-1.30703533,0.191200713,0.755142014,0.856784475,0.032569021,0.856784475
PFS,B cells,0.884764549,0.557494896,0.846658422,1.404153318,0.235651379,-0.51955442,0.603374174,0.79947078,0.913706412,0.011742905,0.913706412
PFS,BCR Signaling,0.265753232,0.056779002,1.187074837,1.24385384,0.787464264,-1.682853638,0.092403429,0.755142014,0.735186818,0.114402273,0.735186818
PFS,Cancer Antigens,0.871356099,0.531017838,0.898805038,1.429822876,0.252685827,-0.544963474,0.585778639,0.798544295,0.942679936,0.005169891,0.942679936
PFS,Cell Adhesion & Motility,0.633673565,0.184167214,1.996145871,2.180313085,0.630465576,-0.723626089,0.46929532,0.774311488,0.840972259,0.040260422,0.840972259
PFS,Cell Cycle,0.587039694,0.180377827,1.730143034,1.910520861,0.602071648,-0.884716697,0.376309448,0.755142014,0.440183656,0.595803551,0.440183656
PFS,Chemokine Signaling,0.616444363,0.235034464,1.381765246,1.61679971,0.491966139,-0.983375009,0.325422905,0.755142014,0.858120048,0.031957918,0.858120048
PFS,Cilium Assembly,0.61239021,0.236493429,1.349266361,1.58575979,0.485442214,-1.010183266,0.312407495,0.755142014,0.639675092,0.219167347,0.639675092
PFS,Circadian Clock,0.304451745,0.064411587,1.374628654,1.439040241,0.79247327,-1.500672289,0.133440344,0.755142014,0.859796871,0.031199127,0.859796871
PFS,Complement System,0.887620853,0.504887827,1.055598952,1.560486779,0.287866721,-0.414117317,0.678788191,0.813300968,0.983229814,0.000441834,0.983229814
PFS,Cytotoxicity,0.834908125,0.560822061,0.682124009,1.24294607,0.203023126,-0.888734175,0.374145959,0.755142014,0.831669705,0.045182009,0.831669705
PFS,Dendritic Cells,0.846741643,0.518177741,0.865462183,1.383639924,0.250554252,-0.66396661,0.506711682,0.789874093,0.906029817,0.013935273,0.906029817
PFS,Differentiation,0.439220667,0.072419088,2.591447571,2.663866659,0.919676099,-0.894612064,0.370994501,0.755142014,0.570597843,0.32168322,0.570597843
PFS,DNA Damage Repair,0.590439653,0.182757663,1.724790169,1.907547832,0.598330589,-0.880596538,0.378536233,0.755142014,0.559480949,0.340603722,0.559480949
PFS,DNA Sensing,0.562290042,0.193074011,1.44448503,1.637559041,0.545389724,-1.055644152,0.291130821,0.755142014,0.995287733,3.49E-05,0.995287733
PFS,EGFR Signaling,0.208951498,0.05779418,0.697657819,0.755451999,0.655733522,-2.387636241,0.016957116,0.755142014,0.893593208,0.01789145,0.893593208
PFS,EMT,0.780783962,0.139506199,4.230361238,4.369867437,0.878684237,-0.281621968,0.778233393,0.859299372,0.629559494,0.232658588,0.629559494
PFS,Endocytosis,0.470708894,0.140349714,1.438327267,1.578676981,0.61741062,-1.220444566,0.222296392,0.755142014,0.990582707,0.000139313,0.990582707
PFS,Epigenetic Modification,0.442805931,0.121045988,1.498810201,1.619856189,0.661726984,-1.231057072,0.21830152,0.755142014,0.727089369,0.121800945,0.727089369
PFS,ERBB2 Signaling,0.223424312,0.037468335,1.294814613,1.332282948,0.911025181,-1.645050655,0.099959365,0.755142014,0.837021321,0.042314563,0.837021321
PFS,Estrogen Signaling,0.392793446,0.059333448,2.540999033,2.60033248,0.964359916,-0.969006876,0.332541759,0.755142014,0.126602221,2.333680567,0.126602221
PFS,Fatty Acid Oxidation,0.793241514,0.495319817,0.775035372,1.270355189,0.240271805,-0.964023001,0.335034394,0.755142014,0.839126271,0.041213551,0.839126271
PFS,Fatty Acid Synthesis,1.48404622,0.657933296,2.689508149,3.347441444,0.415019879,0.951212964,0.341496279,0.755142014,0.046888423,3.949387813,0.046888423
PFS,FGFR Signaling,0.426088287,0.153417626,1.029961575,1.183379201,0.521174262,-1.636897234,0.101651944,0.755142014,0.667051026,0.185071018,0.667051026
PFS,FoxO Signaling,0.405001887,0.078099671,2.02212079,2.100220462,0.839763326,-1.076331301,0.281779114,0.755142014,0.832018377,0.044992197,0.832018377
PFS,Glioma,0.431080236,0.088420267,2.013249133,2.1016694,0.808276599,-1.041055802,0.297849651,0.755142014,0.945241197,0.004717484,0.945241197
PFS,Glutamine Metabolism,1.070290563,0.358530246,2.836519273,3.195049519,0.558006386,0.121737255,0.903107107,0.948138772,0.546449979,0.363715444,0.546449979
PFS,Glycan Sensing,0.33928135,0.092794361,1.147710274,1.240504635,0.661463091,-1.634143445,0.102228734,0.755142014,0.813865186,0.055433242,0.813865186
PFS,Glycolysis & Glucose Transport,0.972295393,0.243998308,3.630447944,3.874446252,0.705369272,-0.039831078,0.968227799,0.985588686,0.372471624,0.795402123,0.372471624
PFS,Glycosylation,0.457401997,0.102031992,1.948467883,2.050499875,0.765461125,-1.021858075,0.306848078,0.755142014,0.582854512,0.301642558,0.582854512
PFS,GPCR Signaling,0.791520564,0.370341456,1.321353582,1.691695038,0.387522645,-0.603318084,0.546297105,0.798544295,0.691928375,0.157005719,0.691928375
PFS,Hedgehog Signaling,0.19700928,0.032804947,1.150329318,1.183134264,0.914645133,-1.776103526,0.075715855,0.755142014,0.870572743,0.026546519,0.870572743
PFS,HIF-1 Signaling,1.142423345,0.186269946,6.820394986,7.006664932,0.925379291,0.143888834,0.885588253,0.948138772,0.718937538,0.129512975,0.718937538
PFS,Host Defense Peptides,0.878684698,0.490244018,1.084659031,1.574903048,0.297721218,-0.434396824,0.664000304,0.813300968,0.770826995,0.084851799,0.770826995
PFS,IDH1/2,0.833222988,0.328048863,1.788283873,2.116332736,0.475589723,-0.383637347,0.701247255,0.813300968,0.488220264,0.480446225,0.488220264
PFS,IL-1 Signaling,0.514093283,0.207393159,1.066958924,1.274352082,0.46316587,-1.436527578,0.150852275,0.755142014,0.680873633,0.169144058,0.680873633
PFS,IL-17 Signaling,0.667901898,0.160536263,2.618231203,2.778767466,0.727371247,-0.554894048,0.578967133,0.798544295,0.719868343,0.128618888,0.719868343
PFS,IL-2 Signaling,0.663060447,0.302245781,1.152362299,1.45460808,0.400836766,-1.025078427,0.305326184,0.755142014,0.446883448,0.578544369,0.446883448
PFS,IL-6 Signaling,0.571557437,0.227660762,1.207272081,1.434932843,0.469655746,-1.191064526,0.233628255,0.755142014,0.698256866,0.150291584,0.698256866
PFS,Immortality & Stemness,0.715387833,0.15562988,3.132811586,3.288441466,0.778251134,-0.430362958,0.666931636,0.813300968,0.79423844,0.068022257,0.79423844
PFS,Immune Exhaustion,0.870668165,0.538381122,0.869660548,1.40804167,0.245256654,-0.564691534,0.572283594,0.798544295,0.955041954,0.003178299,0.955041954
PFS,Inflammasomes,1.068114985,0.396475261,2.481055147,2.877530408,0.505640429,0.130320668,0.896312729,0.948138772,0.898967804,0.016120206,0.898967804
PFS,Insulin Signaling,0.541360065,0.168708845,1.56843019,1.737139035,0.59486307,-1.031616682,0.302251723,0.755142014,0.68896651,0.160206455,0.68896651
PFS,Interferon Response Genes,0.647965412,0.19712277,1.932814699,2.12993747,0.607159413,-0.714668918,0.474813648,0.774311488,0.621587425,0.243642743,0.621587425
PFS,Ion Transport,0.576317646,0.204371606,1.42081516,1.625186766,0.528948007,-1.041872348,0.297470866,0.755142014,0.996094698,2.40E-05,0.996094698
PFS,JAK/STAT Signaling,0.846104988,0.365718233,1.591782341,1.957500574,0.427956981,-0.390487444,0.696176138,0.813300968,0.948200869,0.004220614,0.948200869
PFS,Leukemia,0.386444792,0.053811294,2.721434662,2.775245956,1.005888707,-0.945200255,0.344556649,0.755142014,0.724681823,0.124050902,0.724681823
PFS,Lipid Metabolism,0.786311778,0.352491224,1.401555883,1.754047107,0.409358365,-0.58726515,0.557025643,0.798544295,0.802774208,0.062379248,0.802774208
PFS,Lmyphocyte Trafficking,0.705244194,0.317115179,1.251303509,1.568418688,0.407802937,-0.856323313,0.391818969,0.755142014,0.692785921,0.156085987,0.692785921
PFS,Lymphocyte Regulation,0.863419096,0.508172963,0.958832543,1.467005506,0.270453098,-0.542996477,0.587132228,0.798544295,0.875208674,0.024663415,0.875208674
PFS,Lysosome,0.961525894,0.413959457,1.819428447,2.233387905,0.429984154,-0.091244719,0.927298143,0.963662776,0.670285088,0.181268831,0.670285088
PFS,MAPK Signaling,0.676920804,0.248180002,1.598148356,1.846328358,0.511948177,-0.762188461,0.445947532,0.762659397,0.827742999,0.047348523,0.827742999
PFS,Matrix Remodeling and Metastasis,0.853289981,0.381643169,1.52616981,1.907812979,0.410524576,-0.38647098,0.699147891,0.813300968,0.803129574,0.062149946,0.803129574
PFS,Melanoma,0.6489083,0.22740718,1.624258107,1.851665288,0.534983941,-0.80836794,0.418878802,0.756398061,0.982010157,0.00050845,0.982010157
PFS,MET Signaling,0.189611718,0.032941314,1.058472439,1.091413753,0.893001494,-1.862009079,0.062601811,0.755142014,0.677442849,0.173018657,0.677442849
PFS,MHC Class I Antigen Presentation,0.378377804,0.111932335,1.167141869,1.279074204,0.621439296,-1.563889035,0.11784363,0.755142014,0.823308982,0.049858899,0.823308982
PFS,MHC Class II Antigen Presentation,0.658375362,0.28043444,1.265232057,1.545666496,0.435434153,-0.959915634,0.337097677,0.755142014,0.438621041,0.599887269,0.438621041
PFS,Mitochondrial Metabolism,0.580599597,0.206572339,1.425281628,1.631853967,0.527260043,-1.031168453,0.302461832,0.755142014,0.645825724,0.211203525,0.645825724
PFS,mTOR Signaling,0.567843875,0.147044434,2.045807473,2.192851907,0.689355373,-0.820924574,0.411689232,0.756398061,0.53469728,0.385456688,0.53469728
PFS,Myc,0.616612374,0.140615244,2.563293715,2.703908959,0.754204259,-0.641092503,0.521462585,0.792811381,0.077691118,3.112552481,0.077691118
PFS,Myeloid Inflammation,0.226861714,0.045927688,1.074665132,1.120592819,0.814949916,-1.820252517,0.068720559,0.755142014,0.966232553,0.001792156,0.966232553
PFS,Neuroendocrine Function,1.830203069,0.593349847,5.05195922,5.645309067,0.574703427,1.051719719,0.292928161,0.755142014,0.371156111,0.799790176,0.371156111
PFS,Neutrophil Degranulation,0.752484956,0.314065116,1.488852754,1.80291787,0.445814654,-0.637875564,0.523554685,0.792811381,0.935708098,0.006506898,0.935708098
PFS,NF-kB Signaling,0.807957465,0.395742454,1.253803252,1.649545705,0.364162704,-0.58557854,0.558158773,0.798544295,0.961804352,0.002293399,0.961804352
PFS,NK Activity,0.623254075,0.274725879,1.139213148,1.413939027,0.417956896,-1.131219565,0.257962689,0.755142014,0.994772336,4.29E-05,0.994772336
PFS,NLR Signaling,0.672097404,0.272936978,1.38207849,1.655015468,0.459785161,-0.864212322,0.387471265,0.755142014,0.906595183,0.013767327,0.906595183
PFS,NO Signaling,1.114664943,0.590113141,1.515377906,2.105491047,0.324493134,0.334533611,0.737976932,0.832186754,0.999705053,1.37E-07,0.999705053
PFS,Notch Signaling,0.180080245,0.013154087,2.452155358,2.465309445,1.335060276,-1.284101365,0.19910649,0.755142014,0.096055706,2.769840944,0.096055706
PFS,Nucleotide Synthesis,0.25631413,0.063393287,0.972945675,1.036338962,0.712791562,-1.90988725,0.056147732,0.755142014,0.832379406,0.044796098,0.832379406
PFS,Other Interleukin Signaling,0.776126395,0.371644088,1.2491867,1.620830788,0.375710344,-0.674561923,0.499954131,0.789874093,0.91781871,0.010646477,0.91781871
PFS,Oxidative Stress,0.466733724,0.106169469,1.945647988,2.051817457,0.75548446,-1.008619512,0.313157146,0.755142014,0.780217462,0.077860897,0.780217462
PFS,p53 Signaling,0.635679123,0.119541913,3.260761577,3.38030349,0.852580392,-0.531400172,0.595141503,0.798544295,0.841662311,0.03990711,0.841662311
PFS,PDGF Signaling,0.403495312,0.101570278,1.501344183,1.602914461,0.703795545,-1.289565438,0.197201582,0.755142014,0.092182785,2.835836543,0.092182785
PFS,Pentose Phosphate,0.694966154,0.286434657,1.399736843,1.6861715,0.45222908,-0.804663279,0.421014015,0.756398061,0.588797818,0.292225621,0.588797818
PFS,Phagocytosis,0.55371801,0.211508803,1.238093439,1.449602242,0.491023784,-1.20381079,0.228662718,0.755142014,0.505844786,0.442652899,0.505844786
PFS,PI3K/Akt Signaling,0.828987569,0.338168075,1.694017808,2.032185883,0.457489081,-0.4099554,0.681838665,0.813300968,0.977848779,0.000770951,0.977848779
PFS,PPAR Signaling,0.797950487,0.446510852,0.979490279,1.426001131,0.29622118,-0.761960133,0.446083799,0.762659397,0.679686265,0.170479215,0.679686265
PFS,Prostate Cancer,0.565919411,0.144753143,2.067736154,2.212489297,0.695636178,-0.818392735,0.413132969,0.756398061,0.842009532,0.039729942,0.842009532
PFS,Proteotoxic Stress,1.365838,0.258502475,6.958114859,7.216617335,0.849310591,0.367083801,0.71355651,0.813300968,0.413158322,0.669693974,0.413158322
PFS,RAGE Signaling,0.491840658,0.145155483,1.521383242,1.666538724,0.622638653,-1.139666605,0.254425225,0.755142014,0.132351385,2.264705321,0.132351385
PFS,RNA Processing,1.010159076,0.247886159,3.868605713,4.116491872,0.716795566,0.014101398,0.988749085,0.988749085,0.708830765,0.139447627,0.708830765
PFS,RNA Sensing,0.609320741,0.209970699,1.558236803,1.768207502,0.543569582,-0.911402142,0.362083525,0.755142014,0.991116586,0.000123965,0.991116586
PFS,Senescence,0.318381266,0.04958848,1.994568372,2.044156851,0.948737368,-1.206346144,0.227684052,0.755142014,0.859319516,0.031414181,0.859319516
PFS,T cell Checkpoints,0.913706295,0.571473688,0.889414557,1.460888246,0.239438449,-0.376907299,0.706242497,0.813300968,0.958874162,0.002659098,0.958874162
PFS,T cells,0.817971468,0.49451381,0.85848647,1.35300028,0.256766136,-0.782532409,0.433901746,0.762659397,0.8713822,0.026212598,0.8713822
PFS,TCR Signaling,0.390438217,0.110289354,1.271911156,1.38220051,0.644992637,-1.458133758,0.144803678,0.755142014,0.972709821,0.001170313,0.972709821
PFS,TGF beta Signaling,0.976403903,0.202167216,4.513555743,4.715722959,0.803474549,-0.029719601,0.976290679,0.985588686,0.638627126,0.220542164,0.638627126
PFS,Th1 Differentiation,0.752911686,0.326044016,1.412604691,1.738648707,0.427005575,-0.664645517,0.506277249,0.789874093,0.933900858,0.006878708,0.933900858
PFS,Th17 Differentiation,0.918482296,0.464735503,1.350511496,1.815247,0.347585058,-0.244638391,0.806736436,0.88158827,0.761254993,0.092314597,0.761254993
PFS,Th2 Differentiation,0.754741393,0.416539202,0.951002116,1.367541318,0.303268115,-0.927826237,0.353497712,0.755142014,0.7855334,0.074046712,0.7855334
PFS,Th9 Differentiation,0.864962079,0.407402041,1.429013396,1.836415437,0.384132136,-0.377655496,0.705686532,0.813300968,0.759160118,0.093993681,0.759160118
PFS,TLR Signaling,0.594419923,0.222129824,1.368539264,1.590669088,0.502215354,-1.035749433,0.300319054,0.755142014,0.856917132,0.032508055,0.856917132
PFS,TNF Signaling,0.705141646,0.278921441,1.503748036,1.782669478,0.473206924,-0.738274448,0.46034769,0.774311488,0.83761331,0.04200339,0.83761331
PFS,Treg Differentiation,1.205553188,0.50471926,2.374819138,2.879538397,0.444238502,0.420806702,0.673896237,0.813300968,0.620395258,0.245312423,0.620395258
PFS,Type I Interferon Signaling,0.731301406,0.364348899,1.103479733,1.467828632,0.355472742,-0.880319493,0.378686256,0.755142014,0.594815504,0.282886515,0.594815504
PFS,Type II Interferon Signaling,0.717995426,0.357899715,1.082496606,1.44039632,0.355215904,-0.932649908,0.351000756,0.755142014,0.596045255,0.281001949,0.596045255
PFS,Type III Interferon Signaling,0.954480789,0.44975455,1.575869378,2.025623928,0.383918038,-0.121348199,0.903415245,0.948138772,0.741691997,0.10864508,0.741691997
PFS,VEGF Signaling,0.184031418,0.030121865,1.094229595,1.12435146,0.923412465,-1.833036535,0.066797138,0.755142014,0.964660396,0.001963032,0.964660396
PFS,Vitamin & Cofactor Metabolism,0.884074629,0.482865949,1.135777798,1.618643747,0.308578325,-0.399295052,0.689675812,0.813300968,0.955402546,0.003127466,0.955402546
PFS,Wnt Signaling,0.409515721,0.090394514,1.764841149,1.855235663,0.770826264,-1.158211684,0.246777661,0.755142014,0.419193733,0.652574492,0.419193733